id,name,address,email,phone
18e4d796-a067-4a63-b701-237fced72e8b,Walton Luckin,29 Kropf Junction,wluckin0@canalblog.com,645-384-5481
fda02454-e756-4e51-b668-002c2e36f89a,Napoleon Tunder,804 Fuller Way,ntunder1@alibaba.com,531-826-6808
17fa53b1-426d-41f5-9879-747490f45cc8,Newton Fereday,007 Harper Alley,nfereday2@vinaora.com,750-176-5003
9b479e59-a389-4ef7-a024-66265a461256,Spence Baseke,94652 Iowa Alley,sbaseke3@merriam-webster.com,615-889-0413
067f2793-ca77-46a9-9010-40389cbc34c5,Galen Northleigh,4357 Schiller Point,gnorthleigh4@mail.ru,145-554-6528
b5c27927-5bca-41ed-ae18-78ae64d12d40,Sile Smorthit,9 Bayside Street,ssmorthit5@google.de,854-481-2258
802db136-2523-4312-8d54-f5d2f50c4cc2,Mord Normanvell,631 Blackbird Park,mnormanvell6@dot.gov,536-324-7138
18a3464f-93aa-459c-ae9a-aba5dd7ff816,Tynan Brood,3038 Manitowish Parkway,tbrood7@bbc.co.uk,960-458-2506
2c606578-3e3e-40d9-8ddf-73eb730fc873,Alane Biaggetti,24326 Blaine Point,abiaggetti8@feedburner.com,521-197-5689
02208974-d2b7-4ced-b029-8dd8340420d7,Jemima Maddison,964 Northview Park,jmaddison9@nba.com,212-829-7080
d22129b7-5a5d-4bbd-bc4a-f502040b6273,Rockwell Goodisson,2 Ramsey Way,rgoodissona@pagesperso-orange.fr,549-735-1956
08a124dc-3c56-48c2-89fb-0f55ca4439d8,Ezequiel Hawksworth,700 Carberry Terrace,ehawksworthb@indiatimes.com,380-109-3691
9f7609a5-aed9-44a1-9415-4709af00c49b,Isa Kasher,9302 Fieldstone Road,ikasherc@europa.eu,656-258-6089
6e853aef-da87-4f23-8297-50ca9372cb40,Franny Britland,1715 Arapahoe Crossing,fbritlandd@narod.ru,429-158-2126
1b74b805-5430-4a67-95ae-37b2a4b3e76f,Donnajean Viney,3 Londonderry Terrace,dvineye@walmart.com,831-444-9096
35009196-a7c0-4ac7-9e77-51136bdb7466,Shandy Ardling,45036 Grim Pass,sardlingf@bizjournals.com,245-572-4440
128669ca-5d63-4220-bced-f9e6ebf49752,Elysha Faltin,579 Graceland Center,efalting@webeden.co.uk,288-442-4325
9a268bc0-a21b-4b4f-94dc-5aa7cc9d26ec,Will Doucette,6976 Hanover Terrace,wdoucetteh@123-reg.co.uk,293-825-2684
224b50bc-cd8b-4b3f-8b63-25292d2bcfb5,Kara-lynn Mitchard,9175 Fordem Hill,kmitchardi@joomla.org,561-859-6793
89286aa6-50b8-4c2a-a5cc-57c69323cbab,Helene Cozzi,582 Drewry Street,hcozzij@theguardian.com,781-723-2449
780fc7a8-86eb-4c16-a773-0740abdf3041,Petey Daal,79 Elka Trail,pdaalk@forbes.com,389-549-1754
bc8958e8-3760-4fd8-a50f-4fb47a1031f3,Alonzo Gianullo,24958 Orin Road,agianullol@naver.com,941-741-8221
7c0cede1-4fb7-44cf-88ff-8c5fcbd46614,Zoe Dungee,1 Butternut Center,zdungeem@google.it,511-203-4538
b414509e-74c9-49c4-a5d0-36092f599960,Georgeanne Izatt,4 Carioca Trail,gizattn@utexas.edu,811-936-2862
a567b921-ef7a-41ee-b601-16a194455cc9,Freddi Rollinson,303 Warbler Road,frollinsono@wikipedia.org,708-741-4801
4a74ae47-0464-4f96-a943-75bdbde2d0be,Murray Bultitude,17 Gulseth Pass,mbultitudep@ted.com,367-182-9466
40f45228-b265-4cc4-94e5-30b27e5e0f4e,Tabbie Divill,7 Bay Parkway,tdivillq@cargocollective.com,368-246-6922
4f40d6d1-8c90-4e00-9b44-0bbac20dd0a4,Karlen Halgarth,23945 Grayhawk Place,khalgarthr@fotki.com,430-365-6261
e00b7a18-5fbe-4994-849a-8faec864cd61,Broderic Lapere,602 Nevada Terrace,blaperes@cbslocal.com,895-204-5263
67ad5b14-5e7c-4122-8f5d-59560b755d19,Diarmid Alejo,181 Nancy Alley,dalejot@prlog.org,180-576-5683
587df2d1-890b-4f13-9df6-b6ca33f86cae,Celie Axleby,355 Kenwood Center,caxlebyu@hostgator.com,925-401-9115
eee7a037-aec9-44e3-b247-5c3c266ea78b,Garrett Timewell,6723 Kedzie Park,gtimewellv@mapquest.com,181-923-8106
f5aed60d-9593-4bd9-8fe5-56ad419dd0eb,Chad Geany,3946 Pleasure Center,cgeanyw@blog.com,196-904-1586
385e3b02-2fd7-4d05-8579-bc21c3df4094,Dot Pietzner,155 Sunbrook Alley,dpietznerx@ox.ac.uk,214-821-9308
04da3b26-ca32-46e6-8671-04e09abf2b34,Chandal Pendlebery,1 Armistice Alley,cpendleberyy@shutterfly.com,273-959-3217
49695832-3c7d-4312-8d0d-43cc312843eb,Tanhya Glenny,20 Talisman Parkway,tglennyz@abc.net.au,899-453-9517
2fd050a9-af1c-43d5-b85e-ace9aa32e7ce,Kelci Geany,80 Scott Pass,kgeany10@blogs.com,903-763-4554
1d0f7359-2413-48ae-949b-da8bfe43b9f9,Bryce McCafferky,394 Fulton Plaza,bmccafferky11@kickstarter.com,515-412-1233
8dd3d659-ed4a-4655-96a1-49ffcd7069e2,Dare Colling,252 Dryden Trail,dcolling12@sphinn.com,174-705-2218
02a04178-a37d-4647-b196-98702f820c03,Joyous Fader,32 Stone Corner Street,jfader13@fastcompany.com,741-989-6515
d0f8bfdb-d07b-4209-abbd-14784f2b9c4a,Anthiathia Littlecote,94 Independence Parkway,alittlecote14@edublogs.org,575-974-0688
fa1f9ed0-6355-43a6-aea4-03fe61cc4a09,Kaitlynn Jest,1925 Marquette Alley,kjest15@rambler.ru,823-352-8018
e0eb8c6c-df57-4edf-96ca-ce4894ec4c58,Martguerita Beales,25 Cottonwood Terrace,mbeales16@go.com,904-354-8175
37da98b6-bb4a-42a8-8fe1-2ac689e112f7,Renard Harrill,810 Erie Crossing,rharrill17@yahoo.com,270-225-0381
d1bb6aa6-4722-4403-bb18-4573e363237b,Elise Martine,61070 Lighthouse Bay Park,emartine18@usnews.com,934-519-1422
fd7e8ae7-ef95-4893-a06e-90170d2c442d,Romola Adamoli,537 Westend Pass,radamoli19@indiegogo.com,676-131-8715
92ceca9b-9104-4be5-ae10-e280dc0b4abd,Noble MacKnocker,14 Blue Bill Park Way,nmacknocker1a@ox.ac.uk,286-550-8010
23a1d9a8-4c48-4674-8f07-154f79c55a44,Rea Engall,5870 Haas Park,rengall1b@php.net,664-818-9372
36c8e3c8-6949-4aad-9abd-d64d3ece785c,Robenia Von Der Empten,68707 Crest Line Park,rvon1c@squidoo.com,318-552-9857
05d6f7d7-af91-4310-a3e6-d27fccfac3f7,Olimpia Craighead,7 North Place,ocraighead1d@wikispaces.com,275-239-8198
9e61ec22-6f7c-47cc-9e78-7b388c7cb39f,Hildagard Castellini,1175 Twin Pines Pass,hcastellini1e@webeden.co.uk,939-277-6101
820a8814-5112-4530-b558-241d40ba88da,Vivienne Lathbury,657 North Junction,vlathbury1f@taobao.com,911-291-9107
8af8bdd7-c0b6-4547-ac68-2a1d880879c3,Matty Prosh,0 Mandrake Plaza,mprosh1g@1und1.de,850-358-5416
b4717ff6-613a-49f4-a05b-a729892f046e,Arlena Skitt,54 Sunnyside Way,askitt1h@list-manage.com,775-519-7873
9248896a-bb24-41db-befe-cde35d0cb886,Broderic Philipson,52003 Haas Street,bphilipson1i@china.com.cn,984-325-2541
4dafe9cf-966a-4cf5-aacc-3be4453a4864,Mace Levy,9783 Macpherson Drive,mlevy1j@linkedin.com,552-178-9657
071ace97-56c0-4d96-bf75-0a82501bc02f,Georgetta Hitchens,01 Blaine Alley,ghitchens1k@earthlink.net,211-753-6900
ea0635aa-4822-4e65-b4b5-14991fa990a6,Roobbie Chatell,6 Dennis Junction,rchatell1l@1688.com,166-582-7842
6d1b3b21-61ff-4b10-ab45-f8869d32fe04,Massimo Creighton,703 Crowley Drive,mcreighton1m@issuu.com,484-618-3337
159a6d74-40a5-4473-952c-5a76b50abaa2,Hailey McKinlay,243 Tennessee Junction,hmckinlay1n@dyndns.org,670-668-9749
a069d09d-0394-4821-b950-fbc4fcbf27c5,Maryl Barnett,79340 Rieder Plaza,mbarnett1o@spiegel.de,244-632-0225
a7a46387-e906-41b3-b81d-4c4e7cab566a,Katleen Coules,8 Pleasure Point,kcoules1p@jugem.jp,142-922-1562
7c53183a-146d-4fe5-9bbb-365da8259664,Bertrando Cumpton,120 Monica Point,bcumpton1q@cbc.ca,551-849-8536
4773e8db-2c17-4ab4-9f03-c365e76ee67d,Hewet Lugsdin,55 Melby Point,hlugsdin1r@blogtalkradio.com,970-379-6412
f188f5e9-d770-43af-b493-e6c239f47f68,Harland Borsnall,9057 Loeprich Lane,hborsnall1s@bbb.org,920-169-8098
f06a91f2-6224-4a3d-82be-ef6d981ada27,Amara Marchello,24590 Mallard Plaza,amarchello1t@timesonline.co.uk,609-849-3788
cd772f03-2119-4093-aab9-7f5521d792a1,Abby Wallicker,35380 Ronald Regan Alley,awallicker1u@indiatimes.com,756-410-2820
3e2d35aa-01e5-4f8d-8903-b278b97411fc,Gilberto Pechell,33 Artisan Terrace,gpechell1v@spiegel.de,522-765-5247
8830e941-b7ba-4cdc-8470-7e41095127b0,Daffy Mallalieu,50636 Carberry Alley,dmallalieu1w@pagesperso-orange.fr,326-934-3520
82d5741a-f85c-45b0-8cbd-266985b8dc28,Eolanda Anstey,72249 Holmberg Junction,eanstey1x@sourceforge.net,236-737-6732
c0ae49d7-89bd-4e4a-8e9a-08c4a9a37119,Abeu Querrard,3657 Stephen Drive,aquerrard1y@domainmarket.com,166-731-6999
d3a7c10f-4207-4d51-9b0a-2f0016d815ce,Giralda Hourihan,4 Dunning Plaza,ghourihan1z@businessweek.com,573-849-0899
eff8d918-982c-4bd5-bd79-e684bec463e6,Corrianne Cornbell,91 Red Cloud Park,ccornbell20@simplemachines.org,786-273-1560
420aa953-b09d-4f0c-ac1b-b7d529534c37,Lonni Boocock,323 Meadow Valley Drive,lboocock21@nationalgeographic.com,915-403-1638
64c40a7c-cb89-4f73-b872-8c3a3ef50487,Alyss Braidwood,96143 Petterle Junction,abraidwood22@reuters.com,761-587-0349
3c03c0c7-58e4-4165-b336-5cb39eae2867,Nealson Fielders,7 Marcy Alley,nfielders23@usa.gov,467-683-0239
4dfe52d3-d90e-4265-8de1-08d8dabb9009,Gussy Culpin,8828 Lighthouse Bay Way,gculpin24@twitter.com,719-851-4508
bcb23a0a-10e3-4714-9866-9e3ed05d7341,Alla Mourton,91 Katie Alley,amourton25@soundcloud.com,865-815-6422
bbfdea4d-bff2-4fbf-a454-258e832980cd,Tuesday Easby,66046 Springview Road,teasby26@liveinternet.ru,600-341-1000
1de0c374-93d5-46fd-8226-6551fe8a5453,Massimiliano Casa,686 Corben Alley,mcasa27@un.org,314-901-0351
5fc8c332-2a3b-4a36-ad15-6eacc14c3617,Basilius Heathwood,733 Armistice Pass,bheathwood28@bloglines.com,110-201-6799
1b1c2686-57d0-435a-9514-be9ceeed103b,Earl Newson,5293 Monica Street,enewson29@bloglines.com,561-442-6982
93bd27b4-2749-4907-be03-cade9abc3d46,Schuyler Horsell,55252 Pearson Place,shorsell2a@histats.com,690-372-1325
e4ef5443-3c02-4158-87d8-f7b74b5fee0f,Lynn Pavel,86532 Grayhawk Circle,lpavel2b@tripod.com,138-732-2685
8305a325-0e7d-44ec-9227-2165a520a36e,Rasia Heifer,3 Dwight Plaza,rheifer2c@shinystat.com,861-707-3114
5561e63c-4bab-42d5-862b-fdccaf616464,Brandise Donativo,60 High Crossing Drive,bdonativo2d@1688.com,457-143-5753
6e036662-87f0-4711-be75-b001d6aa125c,Marlo Kitney,2 Rockefeller Drive,mkitney2e@merriam-webster.com,116-265-9777
e6e6bb15-18b5-43ad-99cf-9b102952316a,Garfield Dunnan,739 Morrow Road,gdunnan2f@purevolume.com,205-337-6176
e9cd6cdc-5734-4564-81bb-44d35fd207d7,Hashim Kringe,98846 Jenna Junction,hkringe2g@theglobeandmail.com,739-117-7558
78e41c9e-0b52-4ed2-959b-ce54a03cafa0,Christabel Bloomer,49455 Linden Terrace,cbloomer2h@networkadvertising.org,574-615-3793
261ac668-9ac1-476e-80b7-a6fdfec19f6f,Rafi Scotson,9088 Karstens Center,rscotson2i@businessweek.com,465-191-6861
eb27e63e-cb1f-47a7-aa7f-29becbc4ca27,Mortimer Eady,2 Schurz Point,meady2j@sfgate.com,795-780-2684
6948e3fc-d1da-4bca-9343-7aff3889b76b,Fielding Costello,7 Algoma Drive,fcostello2k@pcworld.com,324-349-7137
47a1bae1-23cb-49aa-88af-1d474d7e2bd9,Opal Dandie,1 Golf Course Drive,odandie2l@huffingtonpost.com,658-781-6089
15a08c59-5ce5-4e7b-af75-4f2053cc76ce,Ax Gutridge,765 Erie Junction,agutridge2m@bizjournals.com,331-768-8767
d89fdb34-96b5-4b10-a68c-fa4b6ced9564,Cristal Battersby,240 Pearson Place,cbattersby2n@hibu.com,923-844-4457
33741daf-c54c-493f-a6d7-e1a20cd457ad,Fanchette Lemonnier,4 Badeau Pass,flemonnier2o@java.com,644-647-0184
9dd18d45-55c7-4d5a-b2fa-43ac5b697d12,Callean Rachuig,0967 Monterey Alley,crachuig2p@creativecommons.org,116-791-2735
a05863af-b23f-4b85-92dc-cc72d29f7d4d,Leigh Barbe,78502 Moulton Avenue,lbarbe2q@posterous.com,288-301-1224
4e4dbe0d-90a2-4ae2-a918-453aad80c228,Gunar Gosker,296 Bellgrove Street,ggosker2r@mapy.cz,473-987-3847