id,name,address,email, phone
18e4d796-a067-4a63-b701-237fced72e8b,Walton Luckin,29 Kropf Junction,wluckin0@canalblog.com,645-384-5481
fda02454-e756-4e51-b668-002c2e36f89a,Napoleon Tunder,804 Fuller Way,ntunder1@alibaba.com,531-826-6808
17fa53b1-426d-41f5-9879-747490f45cc8,Newton Fereday,007 Harper Alley,nferedayvinaora,750-176-5003
9b479e59-a389-4ef7-a024-66265a461256,Spence Baseke,94652 Iowa Alley,sbaseke3@merriam-webster.com,615-889-0413
067f2793-ca77-46a9-9010-40389cbc34c5,Galen Northleigh,4357 Schiller Point,gnorthleigh4@mail.ru,145-554-6528
b5c27927-5bca-41ed-ae18-78ae64d12d40,Sile Smorthit,9 Bayside Street,ssmorthit5@google.de,854-481-2258
802db136-2523-4312-8d54-f5d2f50c4cc2,Mord Normanvell,631 Blackbird Park,mnormanvell6@dot.gov,536-324-7138
18a3464f-93aa-459c-ae9a-aba5dd7ff816,Tynan Brood,3038 Manitowish Parkway,tbrood7@bbc.co.uk,960-458-2506
2c606578-3e3e-40d9-8ddf-73eb730fc873,Alane Biaggetti,24326 Blaine Point,abiaggetti8@feedburner.com,521-197-5689
02208974-d2b7-4ced-b029-8dd8340420d7,Jemima Maddison,964 Northview Park,jmaddison9@nba.com,212-829-7080
d22129b7-5a5d-4bbd-bc4a-f502040b6273,Rockwell Goodisson,2 Ramsey Way,rgoodissona@pagesperso-orange.fr,549-735-1956
08a124dc-3c56-48c2-89fb-0f55ca4439d8,Ezequiel Hawksworth,700 Carberry Terrace,ehawksworthb@indiatimes.com,380-109-3691
9f7609a5-aed9-44a1-9415-4709af00c49b,Isa Kasher,9302 Fieldstone Road,ikasherc@europa.eu,656-258-6089
6e853aef-da87-4f23-8297-50ca9372cb40,Franny Britland,1715 Arapahoe Crossing,fbritlandd@narod.ru,429-158-2126
1b74b805-5430-4a67-95ae-37b2a4b3e76f,Donnajean Viney,3 Londonderry Terrace,dvineye@walmart.com,831-444-9096
35009196-a7c0-4ac7-9e77-51136bdb7466,Shandy Ardling,45036 Grim Pass,sardlingf@bizjournals.com,245-572-4440
128669ca-5d63-4220-bced-f9e6ebf49752,Elysha Faltin,579 Graceland Center,efalting@webeden.co.uk,288-442-4325
9a268bc0-a21b-4b4f-94dc-5aa7cc9d26ec,Will Doucette,6976 Hanover Terrace,wdoucetteh@123-reg.co.uk,293-825-2684
224b50bc-cd8b-4b3f-8b63-25292d2bcfb5,Kara-lynn Mitchard,9175 Fordem Hill,kmitchardi@joomla.org,561-859-6793
89286aa6-50b8-4c2a-a5cc-57c69323cbab,Helene Cozzi,582 Drewry Street,hcozzij@theguardian.com,781-723-2449
780fc7a8-86eb-4c16-a773-0740abdf3041,Petey Daal,79 Elka Trail,pdaalk@forbes.com,389-549-1754
bc8958e8-3760-4fd8-a50f-4fb47a1031f3,Alonzo Gianullo,24958 Orin Road,agianullol@naver.com,941-741-8221
7c0cede1-4fb7-44cf-88ff-8c5fcbd46614,Zoe Dungee,1 Butternut Center,zdungeem@google.it,511-203-4538
b414509e-74c9-49c4-a5d0-36092f599960,Georgeanne Izatt,4 Carioca Trail,gizattn@utexas.edu,811-936-2862
a567b921-ef7a-41ee-b601-16a194455cc9,Freddi Rollinson,303 Warbler Road,frollinsono@wikipedia.org,708-741-4801
4a74ae47-0464-4f96-a943-75bdbde2d0be,Murray Bultitude,17 Gulseth Pass,mbultitudep@ted.com,367-182-9466
40f45228-b265-4cc4-94e5-30b27e5e0f4e,Tabbie Divill,7 Bay Parkway,tdivillq@cargocollective.com,368-246-6922
4f40d6d1-8c90-4e00-9b44-0bbac20dd0a4,Karlen Halgarth,23945 Grayhawk Place,khalgarthr@fotki.com,430-365-6261
e00b7a18-5fbe-4994-849a-8faec864cd61,Broderic Lapere,602 Nevada Terrace,blaperes@cbslocal.com,895-204-5263
67ad5b14-5e7c-4122-8f5d-59560b755d19,Diarmid Alejo,181 Nancy Alley,dalejot@prlog.org,180-576-5683
587df2d1-890b-4f13-9df6-b6ca33f86cae,Celie Axleby,355 Kenwood Center,caxlebyu@hostgator.com,925-401-9115
eee7a037-aec9-44e3-b247-5c3c266ea78b,Garrett Timewell,6723 Kedzie Park,gtimewellv@mapquest.com,181-923-8106
f5aed60d-9593-4bd9-8fe5-56ad419dd0eb,Chad Geany,3946 Pleasure Center,cgeanyw@blog.com,196-904-1586
385e3b02-2fd7-4d05-8579-bc21c3df4094,Dot Pietzner,155 Sunbrook Alley,dpietznerx@ox.ac.uk,214-821-9308
04da3b26-ca32-46e6-8671-04e09abf2b34,Chandal Pendlebery,1 Armistice Alley,asdf,273-959-3217
49695832-3c7d-4312-8d0d-43cc312843eb,Tanhya Glenny,20 Talisman Parkway,tglennyz@abc.net.au,899-453-9517
2fd050a9-af1c-43d5-b85e-ace9aa32e7ce,Kelci Geany,80 Scott Pass,kgeany10@blogs.com,903-763-4554
1d0f7359-2413-48ae-949b-da8bfe43b9f9,Bryce McCafferky,394 Fulton Plaza,bmccafferky11@kickstarter.com,515-412-1233
8dd3d659-ed4a-4655-96a1-49ffcd7069e2,Dare Colling,252 Dryden Trail,dcolling12@sphinn.com,174-705-2218
02a04178-a37d-4647-b196-98702f820c03,Joyous Fader,32 Stone Corner Street,jfader13@fastcompany.com,741-989-6515
d0f8bfdb-d07b-4209-abbd-14784f2b9c4a,Anthiathia Littlecote,94 Independence Parkway,alittlecote14@edublogs.org,575-974-0688
fa1f9ed0-6355-43a6-aea4-03fe61cc4a09,Kaitlynn Jest,1925 Marquette Alley,kjest15@rambler.ru,823-352-8018
e0eb8c6c-df57-4edf-96ca-ce4894ec4c58,Martguerita Beales,25 Cottonwood Terrace,mbeales16@go.com,904-354-8175
37da98b6-bb4a-42a8-8fe1-2ac689e112f7,Renard Harrill,810 Erie Crossing,rharrill17@yahoo.com,270-225-0381
d1bb6aa6-4722-4403-bb18-4573e363237b,Elise Martine,61070 Lighthouse Bay Park,emartine18@usnews.com,934-519-1422
fd7e8ae7-ef95-4893-a06e-90170d2c442d,Romola Adamoli,537 Westend Pass,radamoli19@indiegogo.com,676-131-8715
92ceca9b-9104-4be5-ae10-e280dc0b4abd,Noble MacKnocker,14 Blue Bill Park Way,nmacknocker1a@ox.ac.uk,286-550-8010
23a1d9a8-4c48-4674-8f07-154f79c55a44,Rea Engall,5870 Haas Park,rengall1b@php.net,664-818-9372
36c8e3c8-6949-4aad-9abd-d64d3ece785c,Robenia Von Der Empten,68707 Crest Line Park,rvon1c@squidoo.com,318-552-9857
05d6f7d7-af91-4310-a3e6-d27fccfac3f7,Olimpia Craighead,7 North Place,ocraighead1d@wikispaces.com,275-239-8198